               epoch,      train/box_loss,      train/obj_loss,      train/cls_loss,   metrics/precision,      metrics/recall,     metrics/mAP_0.5,metrics/mAP_0.5:0.95,        val/box_loss,        val/obj_loss,        val/cls_loss,               x/lr0,               x/lr1,               x/lr2
                   0,             0.11188,            0.032656,                   0,           0.0030476,             0.91429,             0.01237,           0.0029258,            0.095183,            0.022743,                   0,            0.070833,           0.0032407,           0.0032407
                   1,            0.084461,            0.030598,                   0,             0.13911,             0.22857,             0.13676,            0.045743,            0.070974,            0.023428,                   0,            0.040703,           0.0064439,           0.0064439
                   2,            0.074297,             0.02643,                   0,             0.26514,            0.057143,            0.081174,            0.021272,            0.083713,            0.017886,                   0,            0.010441,           0.0095151,           0.0095151
                   3,            0.072856,            0.023119,                   0,            0.032365,             0.91429,            0.069143,            0.018361,            0.064453,            0.018436,                   0,            0.009406,            0.009406,            0.009406
                   4,            0.062525,            0.022707,                   0,             0.36316,             0.74286,             0.44319,             0.15397,            0.060507,             0.01606,                   0,            0.009406,            0.009406,            0.009406
                   5,            0.061202,            0.026484,                   0,             0.29804,             0.77143,             0.70986,             0.30682,            0.053374,            0.014962,                   0,            0.009208,            0.009208,            0.009208
                   6,            0.058859,            0.021802,                   0,             0.57667,             0.73955,             0.83466,             0.32186,             0.05373,            0.014307,                   0,             0.00901,             0.00901,             0.00901
                   7,            0.058655,            0.022101,                   0,             0.80365,             0.82857,             0.76947,             0.13009,            0.058032,            0.012126,                   0,            0.008812,            0.008812,            0.008812
                   8,            0.054581,            0.021621,                   0,                   1,              0.7629,             0.88314,               0.378,            0.041257,             0.01297,                   0,            0.008614,            0.008614,            0.008614
                   9,            0.050262,            0.018618,                   0,             0.99574,             0.91429,             0.93493,             0.49563,            0.039087,            0.012926,                   0,            0.008416,            0.008416,            0.008416
                  10,             0.04621,            0.018269,                   0,             0.87499,             0.91429,             0.93978,              0.5432,            0.043184,            0.011419,                   0,            0.008218,            0.008218,            0.008218
                  11,            0.048581,            0.018631,                   0,             0.99611,             0.91429,             0.94513,             0.54926,            0.037261,            0.010641,                   0,             0.00802,             0.00802,             0.00802
                  12,             0.04527,            0.015879,                   0,             0.98222,             0.85714,             0.92628,             0.61506,            0.034064,            0.010429,                   0,            0.007822,            0.007822,            0.007822
                  13,            0.042676,             0.01645,                   0,             0.88393,             0.91429,             0.94085,             0.62989,            0.037974,           0.0094324,                   0,            0.007624,            0.007624,            0.007624
                  14,            0.045606,            0.015297,                   0,             0.87962,             0.88571,               0.916,             0.61781,             0.03751,           0.0085758,                   0,            0.007426,            0.007426,            0.007426
                  15,            0.043805,            0.013714,                   0,             0.93668,             0.94286,             0.95768,             0.70315,            0.029212,           0.0084783,                   0,            0.007228,            0.007228,            0.007228
                  16,             0.03692,            0.013269,                   0,             0.99592,             0.94286,             0.96017,             0.67675,            0.031454,           0.0081245,                   0,             0.00703,             0.00703,             0.00703
                  17,            0.035783,            0.013574,                   0,             0.99732,             0.94286,             0.97285,             0.73507,             0.02623,           0.0081312,                   0,            0.006832,            0.006832,            0.006832
                  18,            0.038727,            0.013358,                   0,             0.99331,             0.94286,             0.97364,             0.62744,            0.035722,           0.0080945,                   0,            0.006634,            0.006634,            0.006634
                  19,            0.041617,            0.011886,                   0,             0.99643,             0.94286,              0.9802,             0.72483,            0.026382,           0.0076449,                   0,            0.006436,            0.006436,            0.006436
                  20,            0.034824,             0.01332,                   0,             0.99662,             0.94286,             0.98892,             0.74279,            0.022895,           0.0072325,                   0,            0.006238,            0.006238,            0.006238
                  21,            0.032245,            0.011939,                   0,             0.98358,             0.82857,             0.93677,             0.57732,            0.026701,           0.0070162,                   0,             0.00604,             0.00604,             0.00604
                  22,            0.031596,            0.011497,                   0,                   1,             0.94214,             0.97583,             0.45058,            0.029147,            0.006837,                   0,            0.005842,            0.005842,            0.005842
                  23,            0.035274,            0.013038,                   0,             0.99804,             0.94286,             0.99164,             0.71499,            0.019907,           0.0065748,                   0,            0.005644,            0.005644,            0.005644
                  24,            0.029322,            0.011246,                   0,             0.99618,             0.94286,             0.99122,             0.74868,            0.021349,           0.0066531,                   0,            0.005446,            0.005446,            0.005446
                  25,            0.029399,            0.011019,                   0,             0.99724,             0.94286,              0.9923,             0.79437,            0.020928,           0.0064247,                   0,            0.005248,            0.005248,            0.005248
                  26,            0.027252,            0.011237,                   0,             0.99733,             0.94286,             0.99105,              0.5337,            0.026898,           0.0063482,                   0,             0.00505,             0.00505,             0.00505
                  27,            0.031483,             0.01103,                   0,             0.99286,                   1,               0.995,             0.66278,             0.01941,           0.0063303,                   0,            0.004852,            0.004852,            0.004852
                  28,            0.026944,            0.010976,                   0,                   1,             0.96724,             0.99444,             0.82467,            0.020502,           0.0063286,                   0,            0.004654,            0.004654,            0.004654
                  29,            0.025602,            0.010222,                   0,                   1,             0.96706,             0.99444,             0.79176,            0.019475,           0.0065101,                   0,            0.004456,            0.004456,            0.004456
                  30,            0.026268,            0.010837,                   0,                   1,             0.98015,               0.995,             0.71406,            0.022976,           0.0063493,                   0,            0.004258,            0.004258,            0.004258
                  31,            0.028626,            0.010015,                   0,                   1,             0.96707,             0.99392,               0.829,            0.016455,           0.0059643,                   0,             0.00406,             0.00406,             0.00406
                  32,            0.024136,             0.01015,                   0,             0.99427,                   1,               0.995,             0.83175,            0.018421,           0.0061363,                   0,            0.003862,            0.003862,            0.003862
                  33,            0.023855,            0.009257,                   0,             0.99454,                   1,               0.995,             0.80155,            0.016475,           0.0064964,                   0,            0.003664,            0.003664,            0.003664
                  34,            0.023582,           0.0096097,                   0,                   1,             0.96817,             0.99392,             0.87246,            0.017616,           0.0060953,                   0,            0.003466,            0.003466,            0.003466
                  35,            0.023332,           0.0088916,                   0,                   1,             0.98582,               0.995,             0.88482,            0.014345,           0.0058327,                   0,            0.003268,            0.003268,            0.003268
                  36,            0.022568,           0.0096005,                   0,                   1,             0.96868,             0.99444,             0.88615,            0.015602,           0.0057104,                   0,             0.00307,             0.00307,             0.00307
                  37,            0.020699,           0.0094906,                   0,                   1,             0.96831,             0.99444,             0.87688,            0.017337,           0.0056413,                   0,            0.002872,            0.002872,            0.002872
                  38,            0.019905,           0.0078007,                   0,                   1,             0.98193,               0.995,             0.87686,            0.014494,           0.0053617,                   0,            0.002674,            0.002674,            0.002674
                  39,            0.022038,           0.0090826,                   0,             0.99568,                   1,               0.995,             0.90396,            0.013161,           0.0050087,                   0,            0.002476,            0.002476,            0.002476
                  40,            0.020854,           0.0093815,                   0,             0.99108,                   1,               0.995,             0.88927,            0.012388,           0.0048512,                   0,            0.002278,            0.002278,            0.002278
                  41,            0.018376,           0.0089532,                   0,             0.99085,                   1,               0.995,             0.89631,             0.01353,           0.0048073,                   0,             0.00208,             0.00208,             0.00208
                  42,            0.020343,           0.0095313,                   0,              0.9907,                   1,               0.995,             0.91955,            0.012605,           0.0048169,                   0,            0.001882,            0.001882,            0.001882
                  43,            0.019837,           0.0084777,                   0,             0.99029,                   1,               0.995,             0.89839,             0.01236,           0.0048701,                   0,            0.001684,            0.001684,            0.001684
                  44,            0.019135,           0.0098229,                   0,             0.99324,                   1,               0.995,              0.9306,             0.01178,           0.0047531,                   0,            0.001486,            0.001486,            0.001486
                  45,            0.018023,           0.0082066,                   0,             0.99394,                   1,               0.995,              0.9434,            0.011966,           0.0046626,                   0,            0.001288,            0.001288,            0.001288
                  46,            0.017217,           0.0080003,                   0,              0.9951,                   1,               0.995,               0.943,            0.010844,           0.0044308,                   0,             0.00109,             0.00109,             0.00109
                  47,            0.016969,           0.0079054,                   0,              0.9947,                   1,               0.995,             0.93535,            0.011116,            0.004462,                   0,            0.000892,            0.000892,            0.000892
                  48,            0.015041,           0.0083871,                   0,             0.99482,                   1,               0.995,             0.93989,             0.01083,           0.0044922,                   0,            0.000694,            0.000694,            0.000694
                  49,            0.018038,           0.0081429,                   0,             0.99528,                   1,               0.995,             0.94141,            0.010747,           0.0045757,                   0,            0.000496,            0.000496,            0.000496
